date,team,opp,stadium_name,roof_type,is_outdoor,avg_windspeed,max_snow_depth,total_precip,avg_temp
2021-09-09,TAM,DAL,Raymond James Stadium,Outdoor,1,34.673500000000004,0.0,0.20866152999999998,83.84
2021-09-09,DAL,TAM,Raymond James Stadium,Outdoor,1,34.673500000000004,0.0,0.20866152999999998,83.84
2021-09-12,CHI,LAR,SoFi Stadium,Outdoor,1,22.37,0.0,0.0,68.36
2021-09-12,NYG,DEN,MetLife Stadium,Outdoor,1,37.5816,0.0,0.0,72.68
2021-09-12,CLE,KAN,Arrowhead Stadium,Outdoor,1,42.503,0.0,0.0,80.24000000000001
2021-09-12,WAS,LAC,FedExField,Outdoor,1,11.6324,0.0,0.0,73.58000000000001
2021-09-12,JAX,HOU,NRG Stadium,Retractable,0,0.0,0.0,0.0,75.0
2021-09-12,DET,SFO,Ford Field,Indoor,0,0.0,0.0,0.0,75.0
2021-09-12,TEN,ARI,Nissan Stadium,Outdoor,1,21.027800000000003,0.0,0.0,74.66
2021-09-12,IND,SEA,Lucas Oil Stadium,Retractable,0,0.0,0.0,0.0,75.0
2021-09-12,MIN,CIN,Paul Brown Stadium,Outdoor,1,42.055600000000005,0.0,0.0,75.56
2021-09-12,NYJ,CAR,Bank of America Stadium,Outdoor,1,14.540500000000002,0.0,0.0,73.03999999999999
2021-09-12,BUF,PIT,New Era Field,Outdoor,1,49.214,0.0,1.181103,73.03999999999999
2021-09-12,ATL,PHI,Mercedes-Benz Stadium,Retractable,0,0.0,0.0,0.0,75.0
2021-09-12,NWE,MIA,Gillette Stadium,Outdoor,1,30.870600000000003,0.0,0.0,71.6
2021-09-12,GNB,NOR,Mercedes-Benz Superdome,Indoor,0,0.0,0.0,0.0,75.0
2021-09-12,LAR,CHI,SoFi Stadium,Outdoor,1,22.37,0.0,0.0,68.36
2021-09-12,PHI,ATL,Mercedes-Benz Stadium,Retractable,0,0.0,0.0,0.0,75.0
2021-09-12,PIT,BUF,New Era Field,Outdoor,1,49.214,0.0,1.181103,73.03999999999999
2021-09-12,CAR,NYJ,Bank of America Stadium,Outdoor,1,14.540500000000002,0.0,0.0,73.03999999999999
2021-09-12,CIN,MIN,Paul Brown Stadium,Outdoor,1,42.055600000000005,0.0,0.0,75.56
2021-09-12,SEA,IND,Lucas Oil Stadium,Retractable,0,0.0,0.0,0.0,75.0
2021-09-12,SFO,DET,Ford Field,Indoor,0,0.0,0.0,0.0,75.0
2021-09-12,ARI,TEN,Nissan Stadium,Outdoor,1,21.027800000000003,0.0,0.0,74.66
2021-09-12,LAC,WAS,FedExField,Outdoor,1,11.6324,0.0,0.0,73.58000000000001
2021-09-12,KAN,CLE,Arrowhead Stadium,Outdoor,1,42.503,0.0,0.0,80.24000000000001
2021-09-12,DEN,NYG,MetLife Stadium,Outdoor,1,37.5816,0.0,0.0,72.68
2021-09-12,NOR,GNB,Mercedes-Benz Superdome,Indoor,0,0.0,0.0,0.0,75.0
2021-09-12,MIA,NWE,Gillette Stadium,Outdoor,1,30.870600000000003,0.0,0.0,71.6
2021-09-12,HOU,JAX,NRG Stadium,Retractable,0,0.0,0.0,0.0,75.0
2021-09-13,LVR,BAL,Allegiant Stadium,Indoor,0,0.0,0.0,0.0,75.0
2021-09-13,BAL,LVR,Allegiant Stadium,Indoor,0,0.0,0.0,0.0,75.0
2021-09-16,NYG,WAS,FedExField,Outdoor,1,6.2636,0.0,0.24803162999999998,73.4
2021-09-16,WAS,NYG,FedExField,Outdoor,1,6.2636,0.0,0.24803162999999998,73.4
2021-09-19,JAX,DEN,TIAA Bank Field,Outdoor,1,14.540500000000002,0.0,1.5118118399999998,78.98
2021-09-19,NOR,CAR,Bank of America Stadium,Outdoor,1,21.027800000000003,0.0,0.0,78.80000000000001
2021-09-19,CIN,CHI,Soldier Field,Outdoor,1,20.804100000000002,0.0,0.0,77.36
2021-09-19,HOU,CLE,FirstEnergy Stadium,Outdoor,1,24.8307,0.0,0.0,71.96000000000001
2021-09-19,IND,LAR,Lucas Oil Stadium,Retractable,0,0.0,0.0,0.0,75.0
2021-09-19,NYJ,NWE,MetLife Stadium,Outdoor,1,23.9359,0.0,0.0,69.25999999999999
2021-09-19,PHI,SFO,Lincoln Financial Field,Outdoor,1,27.2914,0.0,0.0,74.48
2021-09-19,PIT,LVR,Heinz Field,Outdoor,1,9.6191,0.0,0.0,72.14
2021-09-19,ATL,TAM,Raymond James Stadium,Outdoor,1,12.0798,0.0,0.33070884,81.5
2021-09-19,MIN,ARI,State Farm Stadium,Retractable,0,0.0,0.0,0.0,75.0
2021-09-19,LAC,DAL,SoFi Stadium,Outdoor,1,12.3035,0.0,0.0,65.48
2021-09-19,MIA,BUF,Hard Rock Stadium,Outdoor,1,12.3035,0.0,0.10629927,81.5
2021-09-19,KAN,BAL,M&T Bank Stadium,Outdoor,1,15.2116,0.0,0.0,75.02
2021-09-19,SEA,TEN,CenturyLink Field,Outdoor,1,28.6336,0.0,0.055118139999999996,57.74
2021-09-19,DEN,JAX,TIAA Bank Field,Outdoor,1,14.540500000000002,0.0,1.5118118399999998,78.98
2021-09-19,TEN,SEA,CenturyLink Field,Outdoor,1,28.6336,0.0,0.055118139999999996,57.74
2021-09-19,DAL,LAC,SoFi Stadium,Outdoor,1,12.3035,0.0,0.0,65.48
2021-09-19,ARI,MIN,State Farm Stadium,Retractable,0,0.0,0.0,0.0,75.0
2021-09-19,TAM,ATL,Raymond James Stadium,Outdoor,1,12.0798,0.0,0.33070884,81.5
2021-09-19,LVR,PIT,Heinz Field,Outdoor,1,9.6191,0.0,0.0,72.14
2021-09-19,SFO,PHI,Lincoln Financial Field,Outdoor,1,27.2914,0.0,0.0,74.48
2021-09-19,NWE,NYJ,MetLife Stadium,Outdoor,1,23.9359,0.0,0.0,69.25999999999999
2021-09-19,LAR,IND,Lucas Oil Stadium,Retractable,0,0.0,0.0,0.0,75.0
2021-09-19,CLE,HOU,FirstEnergy Stadium,Outdoor,1,24.8307,0.0,0.0,71.96000000000001
2021-09-19,CHI,CIN,Soldier Field,Outdoor,1,20.804100000000002,0.0,0.0,77.36
2021-09-19,CAR,NOR,Bank of America Stadium,Outdoor,1,21.027800000000003,0.0,0.0,78.80000000000001
2021-09-19,BUF,MIA,Hard Rock Stadium,Outdoor,1,12.3035,0.0,0.10629927,81.5
2021-09-19,BAL,KAN,M&T Bank Stadium,Outdoor,1,15.2116,0.0,0.0,75.02
2021-09-20,DET,GNB,Lambeau Field,Outdoor,1,39.3712,0.0,0.5984255199999999,72.5
2021-09-20,GNB,DET,Lambeau Field,Outdoor,1,39.3712,0.0,0.5984255199999999,72.5
2021-09-23,CAR,HOU,NRG Stadium,Retractable,0,0.0,0.0,0.0,75.0
2021-09-23,HOU,CAR,NRG Stadium,Retractable,0,0.0,0.0,0.0,75.0
2021-09-26,LAR,TAM,SoFi Stadium,Outdoor,1,16.1064,0.0,0.0,64.75999999999999
2021-09-26,MIN,SEA,TCF Bank Stadium,Outdoor,1,14.540500000000002,0.0,0.0,62.24
2021-09-26,LVR,MIA,Allegiant Stadium,Indoor,0,0.0,0.0,0.0,75.0
2021-09-26,DEN,NYJ,Empower Field at Mile High,Outdoor,1,19.0145,0.0,0.0,73.94
2021-09-26,NOR,NWE,Gillette Stadium,Outdoor,1,24.607,0.0,0.50787429,66.56
2021-09-26,BAL,DET,Ford Field,Indoor,0,0.0,0.0,0.0,75.0
2021-09-26,ARI,JAX,TIAA Bank Field,Outdoor,1,13.6457,0.0,0.0,73.03999999999999
2021-09-26,TEN,IND,Nissan Stadium,Outdoor,1,8.948,0.0,0.0,66.74000000000001
2021-09-26,CIN,PIT,Heinz Field,Outdoor,1,26.6203,0.0,0.0,58.28
2021-09-26,CLE,CHI,FirstEnergy Stadium,Outdoor,1,41.608200000000004,0.0,0.0,63.5
2021-09-26,BUF,WAS,New Era Field,Outdoor,1,38.700100000000006,0.0,0.0,59.36
2021-09-26,ATL,NYG,MetLife Stadium,Outdoor,1,30.1995,0.0,0.0,64.4
2021-09-26,LAC,KAN,Arrowhead Stadium,Outdoor,1,46.977000000000004,0.0,0.0,75.56
2021-09-26,GNB,SFO,Levi's Stadium,Outdoor,1,23.9359,0.0,0.0,63.68000000000001
2021-09-26,SEA,MIN,TCF Bank Stadium,Outdoor,1,14.540500000000002,0.0,0.0,62.24
2021-09-26,NYG,ATL,MetLife Stadium,Outdoor,1,30.1995,0.0,0.0,64.4
2021-09-26,WAS,BUF,New Era Field,Outdoor,1,38.700100000000006,0.0,0.0,59.36
2021-09-26,CHI,CLE,FirstEnergy Stadium,Outdoor,1,41.608200000000004,0.0,0.0,63.5
2021-09-26,PIT,CIN,Heinz Field,Outdoor,1,26.6203,0.0,0.0,58.28
2021-09-26,IND,TEN,Nissan Stadium,Outdoor,1,8.948,0.0,0.0,66.74000000000001
2021-09-26,JAX,ARI,TIAA Bank Field,Outdoor,1,13.6457,0.0,0.0,73.03999999999999
2021-09-26,DET,BAL,Ford Field,Indoor,0,0.0,0.0,0.0,75.0
2021-09-26,KAN,LAC,Arrowhead Stadium,Outdoor,1,46.977000000000004,0.0,0.0,75.56
2021-09-26,NWE,NOR,Gillette Stadium,Outdoor,1,24.607,0.0,0.50787429,66.56
2021-09-26,NYJ,DEN,Empower Field at Mile High,Outdoor,1,19.0145,0.0,0.0,73.94
2021-09-26,SFO,GNB,Levi's Stadium,Outdoor,1,23.9359,0.0,0.0,63.68000000000001
2021-09-26,TAM,LAR,SoFi Stadium,Outdoor,1,16.1064,0.0,0.0,64.75999999999999
2021-09-26,MIA,LVR,Allegiant Stadium,Indoor,0,0.0,0.0,0.0,75.0
2021-09-27,PHI,DAL,AT&T Stadium,Retractable,0,0.0,0.0,0.0,75.0
2021-09-27,DAL,PHI,AT&T Stadium,Retractable,0,0.0,0.0,0.0,75.0
2021-09-30,JAX,CIN,Paul Brown Stadium,Outdoor,1,6.9347,0.0,0.0,63.31999999999999
2021-09-30,CIN,JAX,Paul Brown Stadium,Outdoor,1,6.9347,0.0,0.0,63.31999999999999
2021-10-03,PIT,GNB,Lambeau Field,Outdoor,1,14.540500000000002,0.0,0.20078750999999997,65.12
2021-10-03,LAR,ARI,SoFi Stadium,Outdoor,1,10.961300000000001,0.0,0.0,73.94
2021-10-03,NWE,TAM,Gillette Stadium,Outdoor,1,10.066500000000001,0.0,0.08661422,59.72
2021-10-03,TEN,NYJ,MetLife Stadium,Outdoor,1,7.3821,0.0,0.0,67.28
2021-10-03,NOR,NYG,Mercedes-Benz Superdome,Indoor,0,0.0,0.0,0.0,75.0
2021-10-03,PHI,KAN,Lincoln Financial Field,Outdoor,1,17.0012,0.0,0.0,68.9
2021-10-03,MIA,IND,Hard Rock Stadium,Outdoor,1,34.0024,0.0,0.01968505,80.6
2021-10-03,MIN,CLE,TCF Bank Stadium,Outdoor,1,25.0544,0.0,0.0,62.6
2021-10-03,DET,CHI,Soldier Field,Outdoor,1,19.9093,0.0,0.01968505,71.06
2021-10-03,CAR,DAL,AT&T Stadium,Retractable,0,0.0,0.0,0.0,75.0
2021-10-03,HOU,BUF,New Era Field,Outdoor,1,21.027800000000003,0.0,1.83858367,65.66
2021-10-03,ATL,WAS,Mercedes-Benz Stadium,Retractable,0,0.0,0.0,0.0,75.0
2021-10-03,DEN,BAL,Empower Field at Mile High,Outdoor,1,15.2116,0.0,0.0,58.64
2021-10-03,TAM,NWE,Gillette Stadium,Outdoor,1,10.066500000000001,0.0,0.08661422,59.72
2021-10-03,SFO,SEA,Levi's Stadium,Outdoor,1,12.9746,0.0,0.0,73.22
2021-10-03,IND,MIA,Hard Rock Stadium,Outdoor,1,34.0024,0.0,0.01968505,80.6
2021-10-03,BAL,DEN,Empower Field at Mile High,Outdoor,1,15.2116,0.0,0.0,58.64
2021-10-03,WAS,ATL,Mercedes-Benz Stadium,Retractable,0,0.0,0.0,0.0,75.0
2021-10-03,BUF,HOU,New Era Field,Outdoor,1,21.027800000000003,0.0,1.83858367,65.66
2021-10-03,SEA,SFO,Levi's Stadium,Outdoor,1,12.9746,0.0,0.0,73.22
2021-10-03,ARI,LAR,SoFi Stadium,Outdoor,1,10.961300000000001,0.0,0.0,73.94
2021-10-03,NYJ,TEN,MetLife Stadium,Outdoor,1,7.3821,0.0,0.0,67.28
2021-10-03,NYG,NOR,Mercedes-Benz Superdome,Indoor,0,0.0,0.0,0.0,75.0
2021-10-03,KAN,PHI,Lincoln Financial Field,Outdoor,1,17.0012,0.0,0.0,68.9
2021-10-03,GNB,PIT,Lambeau Field,Outdoor,1,14.540500000000002,0.0,0.20078750999999997,65.12
2021-10-03,CLE,MIN,TCF Bank Stadium,Outdoor,1,25.0544,0.0,0.0,62.6
2021-10-03,CHI,DET,Soldier Field,Outdoor,1,19.9093,0.0,0.01968505,71.06
2021-10-03,DAL,CAR,AT&T Stadium,Retractable,0,0.0,0.0,0.0,75.0
2021-10-04,LVR,LAC,SoFi Stadium,Outdoor,1,13.6457,0.0,0.01968505,72.32
2021-10-04,LAC,LVR,SoFi Stadium,Outdoor,1,13.6457,0.0,0.01968505,72.32
2021-10-07,SEA,LAR,CenturyLink Field,Outdoor,1,9.8428,0.0,0.00787402,51.08
2021-10-07,LAR,SEA,CenturyLink Field,Outdoor,1,9.8428,0.0,0.00787402,51.08
2021-10-10,PHI,CAR,Bank of America Stadium,Outdoor,1,33.7787,0.0,0.0,70.52
2021-10-10,ATL,NYJ,Mercedes-Benz Stadium,Retractable,0,0.0,0.0,0.0,75.0
2021-10-10,BUF,KAN,Arrowhead Stadium,Outdoor,1,40.489700000000006,0.0,0.69685077,73.75999999999999
2021-10-10,NYJ,ATL,Mercedes-Benz Stadium,Retractable,0,0.0,0.0,0.0,75.0
2021-10-10,NOR,WAS,FedExField,Outdoor,1,21.4752,0.0,0.05905515,66.2
2021-10-10,TAM,MIA,Raymond James Stadium,Outdoor,1,20.133000000000003,0.0,0.0,80.6
2021-10-10,TEN,JAX,TIAA Bank Field,Outdoor,1,29.752100000000002,0.0,0.0,73.94
2021-10-10,NWE,HOU,NRG Stadium,Retractable,0,0.0,0.0,0.0,75.0
2021-10-10,MIN,DET,TCF Bank Stadium,Outdoor,1,45.187400000000004,0.0,0.03543309,64.22
2021-10-10,PIT,DEN,Heinz Field,Outdoor,1,23.2648,0.0,0.0,65.66
2021-10-10,GNB,CIN,Paul Brown Stadium,Outdoor,1,16.3301,0.0,0.0,70.52
2021-10-10,ARI,SFO,State Farm Stadium,Retractable,0,0.0,0.0,0.0,75.0
2021-10-10,DAL,NYG,AT&T Stadium,Retractable,0,0.0,0.0,0.0,75.0
2021-10-10,KAN,BUF,Arrowhead Stadium,Outdoor,1,40.489700000000006,0.0,0.69685077,73.75999999999999
2021-10-10,CHI,LVR,Allegiant Stadium,Indoor,0,0.0,0.0,0.0,75.0
2021-10-10,NYG,DAL,AT&T Stadium,Retractable,0,0.0,0.0,0.0,75.0
2021-10-10,CLE,LAC,SoFi Stadium,Outdoor,1,12.3035,0.0,0.0,65.48
2021-10-10,LVR,CHI,Allegiant Stadium,Indoor,0,0.0,0.0,0.0,75.0
2021-10-10,WAS,NOR,FedExField,Outdoor,1,21.4752,0.0,0.05905515,66.2
2021-10-10,MIA,TAM,Raymond James Stadium,Outdoor,1,20.133000000000003,0.0,0.0,80.6
2021-10-10,JAX,TEN,TIAA Bank Field,Outdoor,1,29.752100000000002,0.0,0.0,73.94
2021-10-10,HOU,NWE,NRG Stadium,Retractable,0,0.0,0.0,0.0,75.0
2021-10-10,DET,MIN,TCF Bank Stadium,Outdoor,1,45.187400000000004,0.0,0.03543309,64.22
2021-10-10,DEN,PIT,Heinz Field,Outdoor,1,23.2648,0.0,0.0,65.66
2021-10-10,CIN,GNB,Paul Brown Stadium,Outdoor,1,16.3301,0.0,0.0,70.52
2021-10-10,CAR,PHI,Bank of America Stadium,Outdoor,1,33.7787,0.0,0.0,70.52
2021-10-10,SFO,ARI,State Farm Stadium,Retractable,0,0.0,0.0,0.0,75.0
2021-10-10,LAC,CLE,SoFi Stadium,Outdoor,1,12.3035,0.0,0.0,65.48
2021-10-11,IND,BAL,M&T Bank Stadium,Outdoor,1,24.1596,0.0,0.0,66.56
2021-10-11,BAL,IND,M&T Bank Stadium,Outdoor,1,24.1596,0.0,0.0,66.56
2021-10-14,PHI,TAM,Lincoln Financial Field,Outdoor,1,19.2382,0.0,0.0,69.44
2021-10-14,TAM,PHI,Lincoln Financial Field,Outdoor,1,19.2382,0.0,0.0,69.44
2021-10-17,DEN,LVR,Empower Field at Mile High,Outdoor,1,14.987900000000002,0.0,0.0,52.519999999999996
2021-10-17,CAR,MIN,Bank of America Stadium,Outdoor,1,18.567100000000003,0.0,0.0,57.379999999999995
2021-10-17,JAX,MIA,TIAA Bank Field,Outdoor,1,32.2128,0.0,0.0,68.36
2021-10-17,MIN,CAR,Bank of America Stadium,Outdoor,1,18.567100000000003,0.0,0.0,57.379999999999995
2021-10-17,GNB,CHI,Soldier Field,Outdoor,1,24.607,0.0,0.0,54.5
2021-10-17,CIN,DET,Ford Field,Indoor,0,0.0,0.0,0.0,75.0
2021-10-17,IND,HOU,Lucas Oil Stadium,Retractable,0,0.0,0.0,0.0,75.0
2021-10-17,KAN,WAS,FedExField,Outdoor,1,19.0145,0.0,0.0,55.400000000000006
2021-10-17,LAR,NYG,MetLife Stadium,Outdoor,1,32.4365,0.0,0.011811029999999998,55.58
2021-10-17,BAL,LAC,M&T Bank Stadium,Outdoor,1,39.1475,0.0,0.0,56.120000000000005
2021-10-17,ARI,CLE,FirstEnergy Stadium,Outdoor,1,77.1765,0.0,0.01574804,57.379999999999995
2021-10-17,DAL,NWE,Gillette Stadium,Outdoor,1,31.318,0.0,0.36220491999999993,59.0
2021-10-17,MIA,JAX,TIAA Bank Field,Outdoor,1,32.2128,0.0,0.0,68.36
2021-10-17,PIT,SEA,Heinz Field,Outdoor,1,32.2128,0.0,0.0,51.44
2021-10-17,LVR,DEN,Empower Field at Mile High,Outdoor,1,14.987900000000002,0.0,0.0,52.519999999999996
2021-10-17,WAS,KAN,FedExField,Outdoor,1,19.0145,0.0,0.0,55.400000000000006
2021-10-17,CHI,GNB,Soldier Field,Outdoor,1,24.607,0.0,0.0,54.5
2021-10-17,SEA,PIT,Heinz Field,Outdoor,1,32.2128,0.0,0.0,51.44
2021-10-17,DET,CIN,Ford Field,Indoor,0,0.0,0.0,0.0,75.0
2021-10-17,NWE,DAL,Gillette Stadium,Outdoor,1,31.318,0.0,0.36220491999999993,59.0
2021-10-17,CLE,ARI,FirstEnergy Stadium,Outdoor,1,77.1765,0.0,0.01574804,57.379999999999995
2021-10-17,LAC,BAL,M&T Bank Stadium,Outdoor,1,39.1475,0.0,0.0,56.120000000000005
2021-10-17,NYG,LAR,MetLife Stadium,Outdoor,1,32.4365,0.0,0.011811029999999998,55.58
2021-10-17,HOU,IND,Lucas Oil Stadium,Retractable,0,0.0,0.0,0.0,75.0
2021-10-18,TEN,BUF,Nissan Stadium,Outdoor,1,10.513900000000001,0.0,0.0,55.94
2021-10-18,BUF,TEN,Nissan Stadium,Outdoor,1,10.513900000000001,0.0,0.0,55.94
2021-10-21,CLE,DEN,FirstEnergy Stadium,Outdoor,1,59.0568,0.0,0.39370099999999997,61.7
2021-10-21,DEN,CLE,FirstEnergy Stadium,Outdoor,1,59.0568,0.0,0.39370099999999997,61.7
2021-10-24,HOU,ARI,State Farm Stadium,Retractable,0,0.0,0.0,0.0,75.0
2021-10-24,WAS,GNB,Lambeau Field,Outdoor,1,38.700100000000006,0.0,0.0,39.38
2021-10-24,KAN,TEN,Nissan Stadium,Outdoor,1,41.1608,0.0,0.0,66.74000000000001
2021-10-24,NYJ,NWE,Gillette Stadium,Outdoor,1,12.5272,0.0,0.0,46.94
2021-10-24,DET,LAR,SoFi Stadium,Outdoor,1,13.8694,0.0,0.0,63.14
2021-10-24,PHI,LVR,Allegiant Stadium,Indoor,0,0.0,0.0,0.0,75.0
2021-10-24,CHI,TAM,Raymond James Stadium,Outdoor,1,17.0012,0.0,0.53149635,80.78
2021-10-24,MIA,ATL,Hard Rock Stadium,Outdoor,1,21.027800000000003,0.0,0.027559069999999998,80.24000000000001
2021-10-24,SFO,IND,Levi's Stadium,Outdoor,1,52.793200000000006,0.0,1.63779616,61.16
2021-10-24,BAL,CIN,M&T Bank Stadium,Outdoor,1,20.133000000000003,0.0,0.03543309,56.480000000000004
2021-10-24,NWE,NYJ,Gillette Stadium,Outdoor,1,12.5272,0.0,0.0,46.94
2021-10-24,ATL,MIA,Hard Rock Stadium,Outdoor,1,21.027800000000003,0.0,0.027559069999999998,80.24000000000001
2021-10-24,NYG,CAR,MetLife Stadium,Outdoor,1,10.961300000000001,0.0,0.027559069999999998,52.7
2021-10-24,CIN,BAL,M&T Bank Stadium,Outdoor,1,20.133000000000003,0.0,0.03543309,56.480000000000004
2021-10-24,GNB,WAS,Lambeau Field,Outdoor,1,38.700100000000006,0.0,0.0,39.38
2021-10-24,TEN,KAN,Nissan Stadium,Outdoor,1,41.1608,0.0,0.0,66.74000000000001
2021-10-24,LAR,DET,SoFi Stadium,Outdoor,1,13.8694,0.0,0.0,63.14
2021-10-24,LVR,PHI,Allegiant Stadium,Indoor,0,0.0,0.0,0.0,75.0
2021-10-24,TAM,CHI,Raymond James Stadium,Outdoor,1,17.0012,0.0,0.53149635,80.78
2021-10-24,ARI,HOU,State Farm Stadium,Retractable,0,0.0,0.0,0.0,75.0
2021-10-24,IND,SFO,Levi's Stadium,Outdoor,1,52.793200000000006,0.0,1.63779616,61.16
2021-10-24,CAR,NYG,MetLife Stadium,Outdoor,1,10.961300000000001,0.0,0.027559069999999998,52.7
2021-10-25,SEA,NOR,CenturyLink Field,Outdoor,1,63.307100000000005,0.0,0.21653555,54.5
2021-10-25,NOR,SEA,CenturyLink Field,Outdoor,1,63.307100000000005,0.0,0.21653555,54.5
2021-10-28,ARI,GNB,State Farm Stadium,Retractable,0,0.0,0.0,0.0,75.0
2021-10-28,GNB,ARI,State Farm Stadium,Retractable,0,0.0,0.0,0.0,75.0
2021-10-31,NOR,TAM,Mercedes-Benz Superdome,Indoor,0,0.0,0.0,0.0,75.0
2021-10-31,HOU,LAR,NRG Stadium,Retractable,0,0.0,0.0,0.0,75.0
2021-10-31,JAX,SEA,CenturyLink Field,Outdoor,1,7.8295,0.0,0.0,45.14
2021-10-31,LAC,NWE,SoFi Stadium,Outdoor,1,12.0798,0.0,0.0,62.24
2021-10-31,TAM,NOR,Mercedes-Benz Superdome,Indoor,0,0.0,0.0,0.0,75.0
2021-10-31,WAS,DEN,Empower Field at Mile High,Outdoor,1,31.989100000000004,0.0,0.0,41.0
2021-10-31,MIN,DAL,TCF Bank Stadium,Outdoor,1,40.9371,0.0,0.0,41.72
2021-10-31,CLE,PIT,FirstEnergy Stadium,Outdoor,1,67.5574,0.0,0.06692917,55.400000000000006
2021-10-31,CIN,NYJ,MetLife Stadium,Outdoor,1,26.396600000000003,0.0,0.08267721,58.64
2021-10-31,CHI,SFO,Soldier Field,Outdoor,1,35.3446,0.0,0.0,47.66
2021-10-31,MIA,BUF,New Era Field,Outdoor,1,39.3712,0.0,0.03149608,52.34
2021-10-31,ATL,CAR,Mercedes-Benz Stadium,Retractable,0,0.0,0.0,0.0,75.0
2021-10-31,DEN,WAS,Empower Field at Mile High,Outdoor,1,31.989100000000004,0.0,0.0,41.0
2021-10-31,IND,TEN,Lucas Oil Stadium,Retractable,0,0.0,0.0,0.0,75.0
2021-10-31,BUF,MIA,New Era Field,Outdoor,1,39.3712,0.0,0.03149608,52.34
2021-10-31,NWE,LAC,SoFi Stadium,Outdoor,1,12.0798,0.0,0.0,62.24
2021-10-31,SEA,JAX,CenturyLink Field,Outdoor,1,7.8295,0.0,0.0,45.14
2021-10-31,LAR,HOU,NRG Stadium,Retractable,0,0.0,0.0,0.0,75.0
2021-10-31,PHI,DET,Ford Field,Indoor,0,0.0,0.0,0.0,75.0
2021-10-31,TEN,IND,Lucas Oil Stadium,Retractable,0,0.0,0.0,0.0,75.0
2021-10-31,DET,PHI,Ford Field,Indoor,0,0.0,0.0,0.0,75.0
2021-10-31,PIT,CLE,FirstEnergy Stadium,Outdoor,1,67.5574,0.0,0.06692917,55.400000000000006
2021-10-31,NYJ,CIN,MetLife Stadium,Outdoor,1,26.396600000000003,0.0,0.08267721,58.64
2021-10-31,SFO,CHI,Soldier Field,Outdoor,1,35.3446,0.0,0.0,47.66
2021-10-31,CAR,ATL,Mercedes-Benz Stadium,Retractable,0,0.0,0.0,0.0,75.0
2021-10-31,DAL,MIN,TCF Bank Stadium,Outdoor,1,40.9371,0.0,0.0,41.72
2021-11-01,NYG,KAN,Arrowhead Stadium,Outdoor,1,16.3301,0.0,0.10629927,41.9
2021-11-01,KAN,NYG,Arrowhead Stadium,Outdoor,1,16.3301,0.0,0.10629927,41.9
2021-11-04,NYJ,IND,Lucas Oil Stadium,Retractable,0,0.0,0.0,0.0,75.0
2021-11-04,IND,NYJ,Lucas Oil Stadium,Retractable,0,0.0,0.0,0.0,75.0
2021-11-07,MIA,HOU,Hard Rock Stadium,Outdoor,1,44.5163,0.0,0.0,65.12
2021-11-07,NYG,LVR,MetLife Stadium,Outdoor,1,8.0532,0.0,0.0,42.620000000000005
2021-11-07,LAC,PHI,Lincoln Financial Field,Outdoor,1,17.6723,0.0,0.0,45.14
2021-11-07,ARI,SFO,Levi's Stadium,Outdoor,1,22.593700000000002,0.0,0.0,54.68
2021-11-07,NWE,CAR,Bank of America Stadium,Outdoor,1,38.700100000000006,0.0,0.0,53.78
2021-11-07,TEN,LAR,SoFi Stadium,Outdoor,1,11.8561,0.0,0.0,58.64
2021-11-07,DEN,DAL,AT&T Stadium,Retractable,0,0.0,0.0,0.0,75.0
2021-11-07,JAX,BUF,TIAA Bank Field,Outdoor,1,37.805299999999995,0.0,0.0393701,54.68
2021-11-07,ATL,NOR,Mercedes-Benz Superdome,Indoor,0,0.0,0.0,0.0,75.0
2021-11-07,CLE,CIN,Paul Brown Stadium,Outdoor,1,2.237,0.0,0.0,41.54
2021-11-07,KAN,GNB,Arrowhead Stadium,Outdoor,1,33.7787,0.0,0.0,58.1
2021-11-07,BAL,MIN,M&T Bank Stadium,Outdoor,1,22.37,0.0,0.0,44.06
2021-11-07,BUF,JAX,TIAA Bank Field,Outdoor,1,37.805299999999995,0.0,0.0393701,54.68
2021-11-07,DAL,DEN,AT&T Stadium,Retractable,0,0.0,0.0,0.0,75.0
2021-11-07,MIN,BAL,M&T Bank Stadium,Outdoor,1,22.37,0.0,0.0,44.06
2021-11-07,CAR,NWE,Bank of America Stadium,Outdoor,1,38.700100000000006,0.0,0.0,53.78
2021-11-07,CIN,CLE,Paul Brown Stadium,Outdoor,1,2.237,0.0,0.0,41.54
2021-11-07,HOU,MIA,Hard Rock Stadium,Outdoor,1,44.5163,0.0,0.0,65.12
2021-11-07,LVR,NYG,MetLife Stadium,Outdoor,1,8.0532,0.0,0.0,42.620000000000005
2021-11-07,PHI,LAC,Lincoln Financial Field,Outdoor,1,17.6723,0.0,0.0,45.14
2021-11-07,SFO,ARI,Levi's Stadium,Outdoor,1,22.593700000000002,0.0,0.0,54.68
2021-11-07,GNB,KAN,Arrowhead Stadium,Outdoor,1,33.7787,0.0,0.0,58.1
2021-11-07,LAR,TEN,SoFi Stadium,Outdoor,1,11.8561,0.0,0.0,58.64
2021-11-07,NOR,ATL,Mercedes-Benz Superdome,Indoor,0,0.0,0.0,0.0,75.0
2021-11-08,PIT,CHI,Heinz Field,Outdoor,1,13.6457,0.0,0.0,47.120000000000005
2021-11-08,CHI,PIT,Heinz Field,Outdoor,1,13.6457,0.0,0.0,47.120000000000005
2021-11-11,MIA,BAL,Hard Rock Stadium,Outdoor,1,30.6469,0.0,0.0,77.18
2021-11-11,BAL,MIA,Hard Rock Stadium,Outdoor,1,30.6469,0.0,0.0,77.18
2021-11-14,GNB,SEA,Lambeau Field,Outdoor,1,34.673500000000004,1.968505,0.31102379,32.9
2021-11-14,PHI,DEN,Empower Field at Mile High,Outdoor,1,40.7134,0.0,0.0,49.64
2021-11-14,CAR,ARI,State Farm Stadium,Retractable,0,0.0,0.0,0.0,75.0
2021-11-14,MIN,LAC,SoFi Stadium,Outdoor,1,7.3821,0.0,0.0,70.34
2021-11-14,IND,JAX,Lucas Oil Stadium,Retractable,0,0.0,0.0,0.0,75.0
2021-11-14,NWE,CLE,Gillette Stadium,Outdoor,1,19.0145,0.0,0.0,42.26
2021-11-14,WAS,TAM,FedExField,Outdoor,1,13.8694,0.0,0.0,41.18
2021-11-14,TEN,NOR,Nissan Stadium,Outdoor,1,28.1862,0.0,0.0,43.16
2021-11-14,PIT,DET,Heinz Field,Outdoor,1,33.107600000000005,0.0,0.18897647999999997,35.42
2021-11-14,BUF,NYJ,MetLife Stadium,Outdoor,1,28.857300000000002,0.0,0.0393701,41.18
2021-11-14,DAL,ATL,AT&T Stadium,Retractable,0,0.0,0.0,0.0,75.0
2021-11-14,KAN,LVR,Allegiant Stadium,Indoor,0,0.0,0.0,0.0,75.0
2021-11-14,LVR,KAN,Allegiant Stadium,Indoor,0,0.0,0.0,0.0,75.0
2021-11-14,TAM,WAS,FedExField,Outdoor,1,13.8694,0.0,0.0,41.18
2021-11-14,ATL,DAL,AT&T Stadium,Retractable,0,0.0,0.0,0.0,75.0
2021-11-14,NYJ,BUF,MetLife Stadium,Outdoor,1,28.857300000000002,0.0,0.0393701,41.18
2021-11-14,DET,PIT,Heinz Field,Outdoor,1,33.107600000000005,0.0,0.18897647999999997,35.42
2021-11-14,NOR,TEN,Nissan Stadium,Outdoor,1,28.1862,0.0,0.0,43.16
2021-11-14,CLE,NWE,Gillette Stadium,Outdoor,1,19.0145,0.0,0.0,42.26
2021-11-14,LAC,MIN,SoFi Stadium,Outdoor,1,7.3821,0.0,0.0,70.34
2021-11-14,JAX,IND,Lucas Oil Stadium,Retractable,0,0.0,0.0,0.0,75.0
2021-11-14,DEN,PHI,Empower Field at Mile High,Outdoor,1,40.7134,0.0,0.0,49.64
2021-11-14,SEA,GNB,Lambeau Field,Outdoor,1,34.673500000000004,1.968505,0.31102379,32.9
2021-11-14,ARI,CAR,State Farm Stadium,Retractable,0,0.0,0.0,0.0,75.0
2021-11-15,SFO,LAR,Levi's Stadium,Outdoor,1,8.0532,0.0,0.0,56.84
2021-11-15,LAR,SFO,Levi's Stadium,Outdoor,1,8.0532,0.0,0.0,56.84
2021-11-18,ATL,NWE,Mercedes-Benz Stadium,Retractable,0,0.0,0.0,0.0,75.0
2021-11-18,NWE,ATL,Mercedes-Benz Stadium,Retractable,0,0.0,0.0,0.0,75.0
2021-11-21,IND,BUF,New Era Field,Outdoor,1,44.2926,0.0,0.18110245999999997,43.879999999999995
2021-11-21,BAL,CHI,Soldier Field,Outdoor,1,40.489700000000006,0.0,0.03149608,42.980000000000004
2021-11-21,SEA,ARI,CenturyLink Field,Outdoor,1,6.9347,0.0,0.0,40.82
2021-11-21,HOU,TEN,Nissan Stadium,Outdoor,1,26.6203,0.0,0.29921275999999997,52.34
2021-11-21,DAL,KAN,Arrowhead Stadium,Outdoor,1,28.6336,0.0,0.0,46.76
2021-11-21,SFO,JAX,TIAA Bank Field,Outdoor,1,30.6469,0.0,0.0,63.86
2021-11-21,LVR,CIN,Allegiant Stadium,Indoor,0,0.0,0.0,0.0,75.0
2021-11-21,WAS,CAR,Bank of America Stadium,Outdoor,1,14.540500000000002,0.0,0.0,43.879999999999995
2021-11-21,BUF,IND,New Era Field,Outdoor,1,44.2926,0.0,0.18110245999999997,43.879999999999995
2021-11-21,CHI,BAL,Soldier Field,Outdoor,1,40.489700000000006,0.0,0.03149608,42.980000000000004
2021-11-21,TEN,HOU,Nissan Stadium,Outdoor,1,26.6203,0.0,0.29921275999999997,52.34
2021-11-21,JAX,SFO,TIAA Bank Field,Outdoor,1,30.6469,0.0,0.0,63.86
2021-11-21,NOR,PHI,Lincoln Financial Field,Outdoor,1,12.0798,0.0,0.0,45.32
2021-11-21,CAR,WAS,Bank of America Stadium,Outdoor,1,14.540500000000002,0.0,0.0,43.879999999999995
2021-11-21,DET,CLE,FirstEnergy Stadium,Outdoor,1,39.3712,0.0,0.0787402,42.980000000000004
2021-11-21,GNB,MIN,TCF Bank Stadium,Outdoor,1,45.187400000000004,0.0,0.0,29.3
2021-11-21,NYJ,MIA,MetLife Stadium,Outdoor,1,19.2382,0.0,0.01968505,47.66
2021-11-21,PHI,NOR,Lincoln Financial Field,Outdoor,1,12.0798,0.0,0.0,45.32
2021-11-21,PIT,LAC,SoFi Stadium,Outdoor,1,8.0532,0.0,0.0,68.18
2021-11-21,LAC,PIT,SoFi Stadium,Outdoor,1,8.0532,0.0,0.0,68.18
2021-11-21,ARI,SEA,CenturyLink Field,Outdoor,1,6.9347,0.0,0.0,40.82
2021-11-21,KAN,DAL,Arrowhead Stadium,Outdoor,1,28.6336,0.0,0.0,46.76
2021-11-21,CIN,LVR,Allegiant Stadium,Indoor,0,0.0,0.0,0.0,75.0
2021-11-21,MIA,NYJ,MetLife Stadium,Outdoor,1,19.2382,0.0,0.01968505,47.66
2021-11-21,MIN,GNB,TCF Bank Stadium,Outdoor,1,45.187400000000004,0.0,0.0,29.3
2021-11-21,CLE,DET,FirstEnergy Stadium,Outdoor,1,39.3712,0.0,0.0787402,42.980000000000004
2021-11-22,TAM,NYG,Raymond James Stadium,Outdoor,1,28.1862,0.0,0.05118113,72.5
2021-11-22,NYG,TAM,Raymond James Stadium,Outdoor,1,28.1862,0.0,0.05118113,72.5
2021-11-25,DAL,LVR,AT&T Stadium,Retractable,0,0.0,0.0,0.0,75.0
2021-11-25,NOR,BUF,Mercedes-Benz Superdome,Indoor,0,0.0,0.0,0.0,75.0
2021-11-25,CHI,DET,Ford Field,Indoor,0,0.0,0.0,0.0,75.0
2021-11-25,LVR,DAL,AT&T Stadium,Retractable,0,0.0,0.0,0.0,75.0
2021-11-25,BUF,NOR,Mercedes-Benz Superdome,Indoor,0,0.0,0.0,0.0,75.0
2021-11-25,DET,CHI,Ford Field,Indoor,0,0.0,0.0,0.0,75.0
2021-11-28,PIT,CIN,Paul Brown Stadium,Outdoor,1,30.6469,0.0,0.0,39.38
2021-11-28,BAL,CLE,M&T Bank Stadium,Outdoor,1,17.4486,0.0,0.03543309,42.44
2021-11-28,CIN,PIT,Paul Brown Stadium,Outdoor,1,30.6469,0.0,0.0,39.38
2021-11-28,CLE,BAL,M&T Bank Stadium,Outdoor,1,17.4486,0.0,0.03543309,42.44
2021-11-28,LAC,DEN,Empower Field at Mile High,Outdoor,1,13.8694,0.0,0.0,44.78
2021-11-28,TEN,NWE,Gillette Stadium,Outdoor,1,16.553800000000003,0.0,0.0,34.34
2021-11-28,IND,TAM,Lucas Oil Stadium,Retractable,0,0.0,0.0,0.0,75.0
2021-11-28,ATL,JAX,TIAA Bank Field,Outdoor,1,14.540500000000002,0.0,0.011811029999999998,51.980000000000004
2021-11-28,CAR,MIA,Hard Rock Stadium,Outdoor,1,16.553800000000003,0.0,0.0,66.56
2021-11-28,PHI,NYG,MetLife Stadium,Outdoor,1,12.5272,0.0,0.01574804,35.06
2021-11-28,JAX,ATL,TIAA Bank Field,Outdoor,1,14.540500000000002,0.0,0.011811029999999998,51.980000000000004
2021-11-28,LAR,GNB,Lambeau Field,Outdoor,1,37.13420000000001,0.0,0.0,32.72
2021-11-28,MIN,SFO,Levi's Stadium,Outdoor,1,8.5006,0.0,0.0,57.2
2021-11-28,HOU,NYJ,NRG Stadium,Retractable,0,0.0,0.0,0.0,75.0
2021-11-28,GNB,LAR,Lambeau Field,Outdoor,1,37.13420000000001,0.0,0.0,32.72
2021-11-28,SFO,MIN,Levi's Stadium,Outdoor,1,8.5006,0.0,0.0,57.2
2021-11-28,DEN,LAC,Empower Field at Mile High,Outdoor,1,13.8694,0.0,0.0,44.78
2021-11-28,NWE,TEN,Gillette Stadium,Outdoor,1,16.553800000000003,0.0,0.0,34.34
2021-11-28,TAM,IND,Lucas Oil Stadium,Retractable,0,0.0,0.0,0.0,75.0
2021-11-28,MIA,CAR,Hard Rock Stadium,Outdoor,1,16.553800000000003,0.0,0.0,66.56
2021-11-28,NYG,PHI,MetLife Stadium,Outdoor,1,12.5272,0.0,0.01574804,35.06
2021-11-28,NYJ,HOU,NRG Stadium,Retractable,0,0.0,0.0,0.0,75.0
2021-11-29,SEA,WAS,FedExField,Outdoor,1,24.1596,0.0,0.0,38.480000000000004
2021-11-29,WAS,SEA,FedExField,Outdoor,1,24.1596,0.0,0.0,38.480000000000004
2021-12-02,NOR,DAL,Mercedes-Benz Superdome,Indoor,0,0.0,0.0,0.0,75.0
2021-12-02,DAL,NOR,Mercedes-Benz Superdome,Indoor,0,0.0,0.0,0.0,75.0
2021-12-05,MIN,DET,Ford Field,Indoor,0,0.0,0.0,0.0,75.0
2021-12-05,CHI,ARI,Soldier Field,Outdoor,1,36.2394,0.0,0.25984265999999995,38.66
2021-12-05,CIN,LAC,Paul Brown Stadium,Outdoor,1,22.593700000000002,0.0,0.13385834,44.06
2021-12-05,HOU,IND,NRG Stadium,Retractable,0,0.0,0.0,0.0,75.0
2021-12-05,NYG,MIA,Hard Rock Stadium,Outdoor,1,12.5272,0.0,0.0,71.96000000000001
2021-12-05,SFO,SEA,CenturyLink Field,Outdoor,1,6.2636,0.0,0.04330711,37.58
2021-12-05,ATL,TAM,Mercedes-Benz Stadium,Retractable,0,0.0,0.0,0.0,75.0
2021-12-05,NYJ,PHI,MetLife Stadium,Outdoor,1,15.435300000000002,0.0,0.0,41.36
2021-12-05,JAX,LAR,SoFi Stadium,Outdoor,1,7.1584,0.0,0.0,57.379999999999995
2021-12-05,DEN,KAN,Arrowhead Stadium,Outdoor,1,41.8319,0.0,0.0,53.78
2021-12-05,BAL,PIT,Heinz Field,Outdoor,1,21.027800000000003,0.0,0.03149608,36.14
2021-12-05,PIT,BAL,Heinz Field,Outdoor,1,21.027800000000003,0.0,0.03149608,36.14
2021-12-05,LAR,JAX,SoFi Stadium,Outdoor,1,7.1584,0.0,0.0,57.379999999999995
2021-12-05,WAS,LVR,Allegiant Stadium,Indoor,0,0.0,0.0,0.0,75.0
2021-12-05,SEA,SFO,CenturyLink Field,Outdoor,1,6.2636,0.0,0.04330711,37.58
2021-12-05,MIA,NYG,Hard Rock Stadium,Outdoor,1,12.5272,0.0,0.0,71.96000000000001
2021-12-05,IND,HOU,NRG Stadium,Retractable,0,0.0,0.0,0.0,75.0
2021-12-05,PHI,NYJ,MetLife Stadium,Outdoor,1,15.435300000000002,0.0,0.0,41.36
2021-12-05,DET,MIN,Ford Field,Indoor,0,0.0,0.0,0.0,75.0
2021-12-05,LAC,CIN,Paul Brown Stadium,Outdoor,1,22.593700000000002,0.0,0.13385834,44.06
2021-12-05,ARI,CHI,Soldier Field,Outdoor,1,36.2394,0.0,0.25984265999999995,38.66
2021-12-05,TAM,ATL,Mercedes-Benz Stadium,Retractable,0,0.0,0.0,0.0,75.0
2021-12-05,LVR,WAS,Allegiant Stadium,Indoor,0,0.0,0.0,0.0,75.0
2021-12-05,KAN,DEN,Arrowhead Stadium,Outdoor,1,41.8319,0.0,0.0,53.78
2021-12-06,BUF,NWE,New Era Field,Outdoor,1,77.40020000000001,0.0,0.25984265999999995,46.58
2021-12-06,NWE,BUF,New Era Field,Outdoor,1,77.40020000000001,0.0,0.25984265999999995,46.58
2021-12-09,MIN,PIT,TCF Bank Stadium,Outdoor,1,39.1475,3.1496079999999997,0.0,31.1
2021-12-09,PIT,MIN,TCF Bank Stadium,Outdoor,1,39.1475,3.1496079999999997,0.0,31.1
2021-12-12,WAS,DAL,FedExField,Outdoor,1,30.870600000000003,0.0,0.0,41.0
2021-12-12,BAL,CLE,FirstEnergy Stadium,Outdoor,1,56.8198,0.0,0.0,40.28
2021-12-12,CIN,SFO,Paul Brown Stadium,Outdoor,1,16.7775,0.0,0.0,35.78
2021-12-12,CAR,ATL,Bank of America Stadium,Outdoor,1,25.7255,0.0,0.0,51.44
2021-12-12,BUF,TAM,Raymond James Stadium,Outdoor,1,16.1064,0.0,0.0,74.66
2021-12-12,GNB,CHI,Lambeau Field,Outdoor,1,33.7787,5.118113,0.0,30.2
2021-12-12,TAM,BUF,Raymond James Stadium,Outdoor,1,16.1064,0.0,0.0,74.66
2021-12-12,LAC,NYG,SoFi Stadium,Outdoor,1,8.7243,0.0,0.0,54.86
2021-12-12,NOR,NYJ,MetLife Stadium,Outdoor,1,38.252700000000004,0.0,0.0,44.78
2021-12-12,KAN,LVR,Arrowhead Stadium,Outdoor,1,43.621500000000005,0.0,0.0,44.06
2021-12-12,TEN,JAX,Nissan Stadium,Outdoor,1,8.0532,0.0,0.0,39.019999999999996
2021-12-12,SEA,HOU,NRG Stadium,Retractable,0,0.0,0.0,0.0,75.0
2021-12-12,DAL,WAS,FedExField,Outdoor,1,30.870600000000003,0.0,0.0,41.0
2021-12-12,CLE,BAL,FirstEnergy Stadium,Outdoor,1,56.8198,0.0,0.0,40.28
2021-12-12,SFO,CIN,Paul Brown Stadium,Outdoor,1,16.7775,0.0,0.0,35.78
2021-12-12,ATL,CAR,Bank of America Stadium,Outdoor,1,25.7255,0.0,0.0,51.44
2021-12-12,DEN,DET,Empower Field at Mile High,Outdoor,1,23.488500000000002,0.0,0.0,38.480000000000004
2021-12-12,HOU,SEA,NRG Stadium,Retractable,0,0.0,0.0,0.0,75.0
2021-12-12,CHI,GNB,Lambeau Field,Outdoor,1,33.7787,5.118113,0.0,30.2
2021-12-12,LVR,KAN,Arrowhead Stadium,Outdoor,1,43.621500000000005,0.0,0.0,44.06
2021-12-12,NYJ,NOR,MetLife Stadium,Outdoor,1,38.252700000000004,0.0,0.0,44.78
2021-12-12,DET,DEN,Empower Field at Mile High,Outdoor,1,23.488500000000002,0.0,0.0,38.480000000000004
2021-12-12,NYG,LAC,SoFi Stadium,Outdoor,1,8.7243,0.0,0.0,54.86
2021-12-12,JAX,TEN,Nissan Stadium,Outdoor,1,8.0532,0.0,0.0,39.019999999999996
2021-12-13,ARI,LAR,State Farm Stadium,Retractable,0,0.0,0.0,0.0,75.0
2021-12-13,LAR,ARI,State Farm Stadium,Retractable,0,0.0,0.0,0.0,75.0
2021-12-16,LAC,KAN,SoFi Stadium,Outdoor,1,9.1717,0.0,0.08267721,50.540000000000006
2021-12-16,KAN,LAC,SoFi Stadium,Outdoor,1,9.1717,0.0,0.08267721,50.540000000000006
2021-12-18,NWE,IND,Lucas Oil Stadium,Retractable,0,0.0,0.0,0.0,75.0
2021-12-18,IND,NWE,Lucas Oil Stadium,Retractable,0,0.0,0.0,0.0,75.0
2021-12-19,TAM,NOR,Raymond James Stadium,Outdoor,1,23.2648,0.0,0.0,77.0
2021-12-19,DEN,CIN,Empower Field at Mile High,Outdoor,1,20.804100000000002,0.0,0.0,33.08
2021-12-19,ATL,SFO,Levi's Stadium,Outdoor,1,10.961300000000001,0.0,0.0,44.06
2021-12-19,BAL,GNB,M&T Bank Stadium,Outdoor,1,43.621500000000005,0.0,0.03149608,41.9
2021-12-19,NYJ,MIA,Hard Rock Stadium,Outdoor,1,25.9492,0.0,0.31889780999999995,77.0
2021-12-19,JAX,HOU,TIAA Bank Field,Outdoor,1,25.0544,0.0,0.22834658,72.14
2021-12-19,NYG,DAL,MetLife Stadium,Outdoor,1,40.266000000000005,0.0,0.03149608,37.04
2021-12-19,ARI,DET,Ford Field,Indoor,0,0.0,0.0,0.0,75.0
2021-12-19,CAR,BUF,New Era Field,Outdoor,1,25.7255,0.0,0.0,28.759999999999998
2021-12-19,TEN,PIT,Heinz Field,Outdoor,1,34.673500000000004,0.0,0.01968505,34.34
2021-12-19,BUF,CAR,New Era Field,Outdoor,1,25.7255,0.0,0.0,28.759999999999998
2021-12-19,DAL,NYG,MetLife Stadium,Outdoor,1,40.266000000000005,0.0,0.03149608,37.04
2021-12-19,GNB,BAL,M&T Bank Stadium,Outdoor,1,43.621500000000005,0.0,0.03149608,41.9
2021-12-19,HOU,JAX,TIAA Bank Field,Outdoor,1,25.0544,0.0,0.22834658,72.14
2021-12-19,MIA,NYJ,Hard Rock Stadium,Outdoor,1,25.9492,0.0,0.31889780999999995,77.0
2021-12-19,PIT,TEN,Heinz Field,Outdoor,1,34.673500000000004,0.0,0.01968505,34.34
2021-12-19,SFO,ATL,Levi's Stadium,Outdoor,1,10.961300000000001,0.0,0.0,44.06
2021-12-19,CIN,DEN,Empower Field at Mile High,Outdoor,1,20.804100000000002,0.0,0.0,33.08
2021-12-19,NOR,TAM,Raymond James Stadium,Outdoor,1,23.2648,0.0,0.0,77.0
2021-12-19,DET,ARI,Ford Field,Indoor,0,0.0,0.0,0.0,75.0
2021-12-20,CHI,MIN,Soldier Field,Outdoor,1,40.0423,0.0,0.0,36.32
2021-12-20,CLE,LVR,FirstEnergy Stadium,Outdoor,1,44.0689,0.0,0.0,36.32
2021-12-20,MIN,CHI,Soldier Field,Outdoor,1,40.0423,0.0,0.0,36.32
2021-12-20,LVR,CLE,FirstEnergy Stadium,Outdoor,1,44.0689,0.0,0.0,36.32
2021-12-21,PHI,WAS,Lincoln Financial Field,Outdoor,1,17.0012,0.0,0.011811029999999998,35.6
2021-12-21,WAS,PHI,Lincoln Financial Field,Outdoor,1,17.0012,0.0,0.011811029999999998,35.6
2021-12-21,SEA,LAR,SoFi Stadium,Outdoor,1,5.1451,0.0,0.0,57.92
2021-12-21,LAR,SEA,SoFi Stadium,Outdoor,1,5.1451,0.0,0.0,57.92
2021-12-23,SFO,TEN,Nissan Stadium,Outdoor,1,28.1862,0.0,0.0,39.92
2021-12-23,TEN,SFO,Nissan Stadium,Outdoor,1,28.1862,0.0,0.0,39.92
2021-12-25,GNB,CLE,Lambeau Field,Outdoor,1,25.0544,0.0,0.0,36.68
2021-12-25,ARI,IND,State Farm Stadium,Retractable,0,0.0,0.0,0.0,75.0
2021-12-25,CLE,GNB,Lambeau Field,Outdoor,1,25.0544,0.0,0.0,36.68
2021-12-25,IND,ARI,State Farm Stadium,Retractable,0,0.0,0.0,0.0,75.0
2021-12-26,SEA,CHI,CenturyLink Field,Outdoor,1,24.607,0.0,0.6299216,26.42
2021-12-26,NYG,PHI,Lincoln Financial Field,Outdoor,1,35.3446,0.0,0.0,53.24
2021-12-26,MIN,LAR,TCF Bank Stadium,Outdoor,1,29.081000000000003,0.0,0.3543309,21.02
2021-12-26,JAX,NYJ,MetLife Stadium,Outdoor,1,42.2793,0.0,0.0,44.42
2021-12-26,BAL,CIN,Paul Brown Stadium,Outdoor,1,13.8694,0.0,0.0,49.46
2021-12-26,CAR,TAM,Bank of America Stadium,Outdoor,1,12.0798,0.0,0.0,64.75999999999999
2021-12-26,NWE,BUF,Gillette Stadium,Outdoor,1,29.752100000000002,0.0,0.1574804,37.94
2021-12-26,DET,ATL,Mercedes-Benz Stadium,Retractable,0,0.0,0.0,0.0,75.0
2021-12-26,LAC,HOU,NRG Stadium,Retractable,0,0.0,0.0,0.0,75.0
2021-12-26,PIT,KAN,Arrowhead Stadium,Outdoor,1,31.0943,0.0,0.0,50.18
2021-12-26,KAN,PIT,Arrowhead Stadium,Outdoor,1,31.0943,0.0,0.0,50.18
2021-12-26,DEN,LVR,Allegiant Stadium,Indoor,0,0.0,0.0,0.0,75.0
2021-12-26,DAL,WAS,AT&T Stadium,Retractable,0,0.0,0.0,0.0,75.0
2021-12-26,LVR,DEN,Allegiant Stadium,Indoor,0,0.0,0.0,0.0,75.0
2021-12-26,CHI,SEA,CenturyLink Field,Outdoor,1,24.607,0.0,0.6299216,26.42
2021-12-26,PHI,NYG,Lincoln Financial Field,Outdoor,1,35.3446,0.0,0.0,53.24
2021-12-26,LAR,MIN,TCF Bank Stadium,Outdoor,1,29.081000000000003,0.0,0.3543309,21.02
2021-12-26,WAS,DAL,AT&T Stadium,Retractable,0,0.0,0.0,0.0,75.0
2021-12-26,HOU,LAC,NRG Stadium,Retractable,0,0.0,0.0,0.0,75.0
2021-12-26,CIN,BAL,Paul Brown Stadium,Outdoor,1,13.8694,0.0,0.0,49.46
2021-12-26,TAM,CAR,Bank of America Stadium,Outdoor,1,12.0798,0.0,0.0,64.75999999999999
2021-12-26,BUF,NWE,Gillette Stadium,Outdoor,1,29.752100000000002,0.0,0.1574804,37.94
2021-12-26,ATL,DET,Mercedes-Benz Stadium,Retractable,0,0.0,0.0,0.0,75.0
2021-12-26,NYJ,JAX,MetLife Stadium,Outdoor,1,42.2793,0.0,0.0,44.42
2021-12-27,MIA,NOR,Mercedes-Benz Superdome,Indoor,0,0.0,0.0,0.0,75.0
2021-12-27,NOR,MIA,Mercedes-Benz Superdome,Indoor,0,0.0,0.0,0.0,75.0
2022-01-02,NWE,JAX,Gillette Stadium,Outdoor,1,19.0145,0.0,0.26377967,46.04
2022-01-02,BUF,ATL,New Era Field,Outdoor,1,36.2394,1.968505,0.24015760999999997,29.3
2022-01-02,NOR,CAR,Mercedes-Benz Superdome,Indoor,0,0.0,0.0,0.0,75.0
2022-01-02,CHI,NYG,Soldier Field,Outdoor,1,41.3845,2.9921276,0.05905515,24.8
2022-01-02,CIN,KAN,Paul Brown Stadium,Outdoor,1,35.1209,0.0,0.20472452,36.32
2022-01-02,LVR,IND,Lucas Oil Stadium,Retractable,0,0.0,0.0,0.0,75.0
2022-01-02,ARI,DAL,AT&T Stadium,Retractable,0,0.0,0.0,0.0,75.0
2022-01-02,TAM,NYJ,MetLife Stadium,Outdoor,1,27.7388,0.0,0.1574804,49.82
2022-01-02,PHI,WAS,FedExField,Outdoor,1,13.8694,0.0,0.24803162999999998,56.3
2022-01-02,ATL,BUF,New Era Field,Outdoor,1,36.2394,1.968505,0.24015760999999997,29.3
2022-01-02,CAR,NOR,Mercedes-Benz Superdome,Indoor,0,0.0,0.0,0.0,75.0
2022-01-02,NYG,CHI,Soldier Field,Outdoor,1,41.3845,2.9921276,0.05905515,24.8
2022-01-02,KAN,CIN,Paul Brown Stadium,Outdoor,1,35.1209,0.0,0.20472452,36.32
2022-01-02,IND,LVR,Lucas Oil Stadium,Retractable,0,0.0,0.0,0.0,75.0
2022-01-02,DAL,ARI,AT&T Stadium,Retractable,0,0.0,0.0,0.0,75.0
2022-01-02,MIN,GNB,Lambeau Field,Outdoor,1,23.2648,3.1496079999999997,0.0,12.740000000000002
2022-01-02,JAX,NWE,Gillette Stadium,Outdoor,1,19.0145,0.0,0.26377967,46.04
2022-01-02,MIA,TEN,Nissan Stadium,Outdoor,1,37.805299999999995,1.181103,0.31889780999999995,49.46
2022-01-02,NYJ,TAM,MetLife Stadium,Outdoor,1,27.7388,0.0,0.1574804,49.82
2022-01-02,WAS,PHI,FedExField,Outdoor,1,13.8694,0.0,0.24803162999999998,56.3
2022-01-02,DEN,LAC,SoFi Stadium,Outdoor,1,10.2902,0.0,0.0,54.14
2022-01-02,HOU,SFO,Levi's Stadium,Outdoor,1,11.185,0.0,0.0,44.06
2022-01-02,DET,SEA,CenturyLink Field,Outdoor,1,23.9359,3.1496079999999997,1.03149662,34.34
2022-01-02,BAL,LAR,M&T Bank Stadium,Outdoor,1,30.4232,0.0,0.24409461999999998,56.480000000000004
2022-01-02,LAR,BAL,M&T Bank Stadium,Outdoor,1,30.4232,0.0,0.24409461999999998,56.480000000000004
2022-01-02,SEA,DET,CenturyLink Field,Outdoor,1,23.9359,3.1496079999999997,1.03149662,34.34
2022-01-02,SFO,HOU,Levi's Stadium,Outdoor,1,11.185,0.0,0.0,44.06
2022-01-02,LAC,DEN,SoFi Stadium,Outdoor,1,10.2902,0.0,0.0,54.14
2022-01-02,TEN,MIA,Nissan Stadium,Outdoor,1,37.805299999999995,1.181103,0.31889780999999995,49.46
2022-01-02,GNB,MIN,Lambeau Field,Outdoor,1,23.2648,3.1496079999999997,0.0,12.740000000000002
2022-01-03,CLE,PIT,Heinz Field,Outdoor,1,39.3712,0.0,0.0,24.98
2022-01-03,PIT,CLE,Heinz Field,Outdoor,1,39.3712,0.0,0.0,24.98
2022-01-08,PHI,DAL,Lincoln Financial Field,Outdoor,1,26.6203,0.0,0.0,26.78
2022-01-08,KAN,DEN,Empower Field at Mile High,Outdoor,1,24.8307,0.0,0.0,34.34
2022-01-08,DAL,PHI,Lincoln Financial Field,Outdoor,1,26.6203,0.0,0.0,26.78
2022-01-08,DEN,KAN,Empower Field at Mile High,Outdoor,1,24.8307,0.0,0.0,34.34
2022-01-09,ARI,SEA,State Farm Stadium,Retractable,0,0.0,0.0,0.0,75.0
2022-01-09,BAL,PIT,M&T Bank Stadium,Outdoor,1,32.6602,1.968505,0.39370099999999997,36.68
2022-01-09,NYG,WAS,MetLife Stadium,Outdoor,1,31.7654,1.968505,0.14566937,32.54
2022-01-09,NWE,MIA,Hard Rock Stadium,Outdoor,1,37.3579,0.0,0.5944885099999999,73.58000000000001
2022-01-09,IND,JAX,TIAA Bank Field,Outdoor,1,23.2648,0.0,0.0,66.74000000000001
2022-01-09,CIN,CLE,FirstEnergy Stadium,Outdoor,1,71.80770000000001,0.0,0.33464584999999997,36.86
2022-01-09,CHI,MIN,TCF Bank Stadium,Outdoor,1,40.9371,5.118113,0.0,-0.03999999999999915
2022-01-09,CAR,TAM,Raymond James Stadium,Outdoor,1,18.567100000000003,0.0,0.0,73.03999999999999
2022-01-09,NYJ,BUF,New Era Field,Outdoor,1,73.3736,5.905514999999999,0.16141740999999998,36.86
2022-01-09,ATL,NOR,Mercedes-Benz Stadium,Retractable,0,0.0,0.0,0.0,75.0
2022-01-09,HOU,TEN,NRG Stadium,Retractable,0,0.0,0.0,0.0,75.0
2022-01-09,GNB,DET,Ford Field,Indoor,0,0.0,0.0,0.0,75.0
2022-01-09,LVR,LAC,Allegiant Stadium,Indoor,0,0.0,0.0,0.0,75.0
2022-01-09,SFO,LAR,SoFi Stadium,Outdoor,1,6.4873,0.0,0.0,59.0
2022-01-09,SEA,ARI,State Farm Stadium,Retractable,0,0.0,0.0,0.0,75.0
2022-01-09,PIT,BAL,M&T Bank Stadium,Outdoor,1,32.6602,1.968505,0.39370099999999997,36.68
2022-01-09,WAS,NYG,MetLife Stadium,Outdoor,1,31.7654,1.968505,0.14566937,32.54
2022-01-09,MIA,NWE,Hard Rock Stadium,Outdoor,1,37.3579,0.0,0.5944885099999999,73.58000000000001
2022-01-09,TEN,HOU,NRG Stadium,Retractable,0,0.0,0.0,0.0,75.0
2022-01-09,DET,GNB,Ford Field,Indoor,0,0.0,0.0,0.0,75.0
2022-01-09,JAX,IND,TIAA Bank Field,Outdoor,1,23.2648,0.0,0.0,66.74000000000001
2022-01-09,CLE,CIN,FirstEnergy Stadium,Outdoor,1,71.80770000000001,0.0,0.33464584999999997,36.86
2022-01-09,MIN,CHI,TCF Bank Stadium,Outdoor,1,40.9371,5.118113,0.0,-0.03999999999999915
2022-01-09,TAM,CAR,Raymond James Stadium,Outdoor,1,18.567100000000003,0.0,0.0,73.03999999999999
2022-01-09,BUF,NYJ,New Era Field,Outdoor,1,73.3736,5.905514999999999,0.16141740999999998,36.86
2022-01-09,NOR,ATL,Mercedes-Benz Stadium,Retractable,0,0.0,0.0,0.0,75.0
2022-01-09,LAR,SFO,SoFi Stadium,Outdoor,1,6.4873,0.0,0.0,59.0
2022-01-09,LAC,LVR,Allegiant Stadium,Indoor,0,0.0,0.0,0.0,75.0
